x1,x2,cluster
9.716843768068024,1.4147688644408283,2
10.162881450183509,0.6800326203896097,2
0.19625838271938623,1.092316929266152,0
9.753204997019019,1.0149181540703596,2
0.6218246273578483,0.2888731452011629,0
0.24240446890072387,1.6834371337222622,0
8.295420204304252,1.7979149927903317,2
0.1106398755478607,1.7480221557445916,0
4.732139831269683,5.1164539957389845,1
9.643460254202642,0.5322991401227042,2
1.1224832855543614,0.7465284123144351,0
3.8037586144571267,5.2244339419085435,1
5.4189339881681535,5.23609123125305,1
4.517795259218161,5.9834700832664405,1
5.038684648886072,3.8147200601876774,1
9.364785699865537,1.4516509101650399,2
4.446060052333458,4.1889892366302,1
4.650991451630814,4.39114596158428,1
9.168527225641999,2.8211781799262763,2
1.3070833500217125,1.3787538550236524,0
1.5187699721289496,0.7449918005726265,0
0.5621908733076214,0.30860013451783197,0
0.6767135578787367,0.4592259981928025,0
10.510115749285852,0.5759995538976632,2
5.029316042195423,5.024355014722329,1
1.022785919951907,0.6741998261970914,0
1.793008408072676,0.3810922505865755,0
9.921980547137906,0.9173520311062449,2
8.94212351991011,0.9147767441317015,2
5.918450499406219,5.73125711101839,1
5.049370393565255,5.639288225039211,1
10.128594780592051,1.920440117508833,2
0.7799777566515081,1.0653702886430456,0
8.88087076423255,0.6827403654709074,2
1.4115852919809573,1.036658983594202,0
5.046093134636153,4.230204665486858,1
0.7749672642603782,1.3114249661737494,0
4.783420300508552,5.695597882018549,1
9.359520074598802,0.6271094122366621,2
0.14830878032242267,0.9722261505516906,0
9.854723586867747,1.4074683924280311,2
4.888827404673375,4.9221075801599445,1
10.029819229245525,0.8534734259936937,2
4.942822680567828,5.1674129154622035,1
1.239489912873196,1.1668310526434742,0
0.5047318374346559,0.716851135198614,0
4.609149197831331,4.709668499567407,1
5.426575980922095,5.266557986891624,1
5.790436439380596,5.11855976281544,1
5.4330032384259415,4.322568937269662,1
1.7389470223707582,0.7408648908631763,0
0.9614491452929479,1.170575987408322,0
5.3543928984153855,5.665222148349745,1
4.946158583427664,5.864070329269683,1
1.3736468025616309,1.3051851327167325,0
9.030521712460718,2.1865357283015268,2
9.282611063235626,0.9830630755263586,2
4.887877013503185,4.736161365035495,1
5.1462804282627195,4.661552821557963,1
5.099871324927833,5.295470758404889,1
4.807018969269571,6.246048790136505,1
8.5495372387339,1.649488089656866,2
4.158436836920184,6.049746045912164,1
1.3120599085260776,1.31417275463214,0
0.9241074524822084,1.2941586032422883,0
1.0122550871294713,1.248999145622725,0
1.1832991230484242,0.5300601068363224,0
1.180697802754207,1.7690182832329846,0
5.134348480438796,5.818484257984307,1
9.433407982703638,2.4402468287981893,2
4.893831663503571,4.521021653276928,1
5.597760091668284,4.703746050103213,1
9.667195643739271,1.200986915641277,2
9.49575009627959,1.163251291884451,2
0.8286427417366152,0.5988613653891905,0
5.930300295688446,4.400987575556726,1
0.6423481453700159,1.339798874467338,0
5.153617840588326,5.589614590367308,1
8.92488849919704,1.3134018480671943,2
9.088465705682488,2.3572502993407993,2
6.1079821976285995,4.357949140204308,1
1.0990423803839275,0.9278197940380287,0
1.5714114072575103,1.3759665163433872,0
4.909966647780484,5.075345872082925,1
4.899729151809887,5.088028211859994,1
9.760050427457543,1.068588207429627,2
0.27595782925133794,0.2962681128117224,0
4.625108853382593,5.0156546301265,1
1.180818012523817,0.6774401226974378,0
5.6472085000587775,4.976894918299576,1
0.16529735943931412,1.2716800961899675,0
8.903786039760616,1.6670121830420572,2
0.46884814313694756,1.2367962153175909,0
4.0660508608041495,4.743130903420452,1
1.3692332899977053,1.0856841405949853,0
4.399027994063051,4.831339824268427,1
1.1855729366856544,0.6980074066420897,0
0.15376768514259032,1.764775159730307,0
5.115229469894019,4.814530121478499,1
1.7206366445330579,0.2820689244102803,0
5.016991025678276,5.017853683697447,1
0.9427300773736911,1.6189081559867309,0
5.264008670031999,4.698767465388434,1
9.739239766346236,1.1562672398904117,2
9.907896182592776,0.9839923563907825,2
7.758877272255183,1.883345050499794,2
8.853683719899783,0.40463568205349,2
4.957900573124812,4.003423439890405,1
1.0357831186096962,0.7611712766174417,0
0.6501372460037071,1.106989955367111,0
8.004732533280709,2.0509335563688404,2
5.05767246616459,4.722634826776974,1
9.829992908264098,1.5032673174655466,2
1.221909714073114,1.3873170267146684,0
10.851040342911924,-0.05207922987660707,2
8.887907043103352,1.469938053515326,2
5.613542259205784,6.463851443803564,1
8.162881856575371,1.3112218677540985,2
3.8954754612010127,4.232253819958579,1
1.1692482037472072,0.7923560430495994,0
4.664646891637047,5.226327125038712,1
1.732824384460777,0.8871118497567322,0
5.198528139328674,5.500117376965354,1
5.689259420223262,3.9561717327331403,1
4.61735600944921,4.6814018269989095,1
1.4112724560515946,0.3895781750144889,0
7.869407728866143,1.8153175481200199,2
5.6515373394989465,5.2848189397279715,1
5.076862648946474,4.591369005515071,1
0.8737159243034198,0.37610840901757525,0
1.2504585938121904,0.5112223776007245,0
9.544852753316647,0.6141699985700266,2
0.8959388748213624,0.7534995326705836,0
9.664687894808926,-0.03942857791493237,2
4.563717694505079,4.851488818669097,1
4.668666173431418,5.379759090653306,1
0.040614392350479256,0.9867430622753915,0
5.350356911195578,4.784424745527764,1
9.13270713161912,1.700732264796999,2
0.9820869804450242,1.782321827907003,0
8.256324530297185,1.2998149680453541,2
10.069927898488771,1.3554850294027365,2
1.1613592801690447,0.5863845282238385,0
5.504386129393234,4.608425612418565,1
5.55441621152414,4.889058718134207,1
1.4770008817466012,1.325695625652899,0
9.321980500057382,0.5255992411735257,2
0.946484820022721,0.48237883879031296,0
9.223422157293426,1.9383153122162011,2
6.253024822868436,4.916246223106896,1
0.669106767615806,1.426216667398112,0
10.45185786882498,0.3564307858895037,2
5.829295394622516,5.389225932553786,1
0.5365347642109586,0.9702373219691,0
0.6599876392107547,1.1161268485805018,0
2.0303739624409936,1.8776704212216022,0
1.0546973973024465,1.362883311949346,0
0.20278617060281645,0.7003124885231136,0
5.296418111769643,5.1564042594943444,1
10.319210414154226,2.0802704697905323,2
0.6740819460989205,1.023699335658207,0
1.8224838567506418,0.8754819802218108,0
1.2366188122867725,0.9635855436715636,0
4.719379279212865,5.207902329038429,1
5.9800589193806575,4.312192764188787,1
8.776662245033368,0.4427819002375577,2
9.496616271997327,0.6951595406011097,2
-0.01906226758892693,0.49595684454129796,0
9.44430502799324,1.7767898893693563,2
1.3955159735215235,0.5453062726026305,0
4.807791615083408,5.25449956784115,1
0.963994939209833,1.501766448946012,0
5.173501186344691,6.473180083946536,1
8.542147021810804,-0.2814430277995197,2
0.7573182260854483,1.0409370696931612,0
9.226217399929347,0.8966781895909319,2
4.184086315412048,5.447752139616332,1
5.257770931479551,5.124612612297867,1
4.3513620034400615,5.369561364166558,1
4.990146262356348,5.71303596406885,1
4.689433220578297,5.134272770983339,1
9.788235175540517,0.9640243934880597,2
9.149237639766383,0.47362146778282666,2
5.233147162718579,6.495799710459674,1
0.18622878105841867,1.024042473330691,0
0.6037396307836497,0.9426317792665505,0
4.223191114567457,5.696496072427111,1
1.009209189594776,1.8382186561376415,0
0.46455375096944385,1.2412362076215926,0
5.3584400419099145,5.420703645386539,1
0.9960136793416913,1.739972069445013,0
9.049036514179226,1.8133148118257334,2
4.654617304257336,5.073205888787217,1
9.257101119380938,2.2867285737565854,2
8.550962883343933,1.3023457812717585,2
4.624662379094282,5.237482120062445,1
8.300488437393563,0.6466575551402478,2
4.193329693379434,4.448808832109481,1
4.4051645903262155,3.707965931837771,1
4.747887909742485,4.830929234683696,1
2.0610780985063166,1.5162326302755735,0
5.390120706775196,4.940494481732371,1
0.496991309250149,0.3929056936061339,0
8.910023741992749,-0.3172943318483472,2
5.385633655920526,5.797491518079459,1
10.212760499639565,2.5619101023348425,2
9.20912703585598,0.473746264933371,2
5.717027977354905,4.086087857129735,1
1.1404959338675162,0.6886502400897031,0
7.505028050214913,3.1964239735619953,2
1.1554537827990023,1.737678108474776,0
0.06460403948707216,0.8242432579793457,0
5.117507153058609,4.412976333430981,1
8.883014800349512,1.1978059653418098,2
1.2854452553465836,1.5677828200902995,0
1.0485387746740202,1.4843224952664447,0
0.7116143347158337,1.377695612912878,0
-0.0337210500199383,0.9554399802436058,0
5.239533873563167,5.388317563821644,1
8.944251026127999,1.3166602573748136,2
9.831170236095327,2.8126945494130293,2
8.498224375578037,-0.3065756319511419,2
3.500356571075856,6.374565543554445,1
4.414476048213601,5.632185077964704,1
9.464016888067189,1.8214317002397276,2
4.871934277441875,5.894435682109971,1
8.832747530581214,0.7432229117297187,2
4.657292606130322,5.343549668813695,1
9.23238623139831,1.1333497758453466,2
8.249502691610076,-1.044945338446225,2
5.321905906142242,4.460919210925377,1
1.6527394035771645,1.0105019208163795,0
1.04329489373645,0.9221613823039603,0
0.6746787154390865,0.756437308117652,0
9.26397027573153,0.9795160304205152,2
8.885853125239365,0.4785681486354857,2
8.576069122184196,2.278206799482855,2
0.8805259765667951,0.5462181689792011,0
5.341860368139322,5.268625136010389,1
1.40643105941948,1.314814420961806,0
5.578327470076946,6.326313800954811,1
0.7778533699619442,1.188650246522426,0
4.855804761105119,4.775107515470242,1
5.02280208690092,5.072018796030957,1
5.86818673061224,5.117932865906945,1
0.5697933173580239,0.8077222278850873,0
5.326160092756659,4.777631400748336,1
5.999284666677546,5.6086220390108785,1
0.550792664325821,1.2459595857532528,0
9.112401786734905,1.00213221410739,2
5.367664343037542,4.367950662095806,1
1.941012248237517,1.6727100230774887,0
6.0365259020604265,5.2617942018044195,1
5.356852604999172,5.512049335268185,1
8.458985632523474,1.2849366009871745,2
4.623819765327339,6.087469134798157,1
4.39751553994876,4.539321460937523,1
9.098620372837843,-0.23790755589399604,2
0.23294291463218886,1.6388384109492544,0
8.450571180842433,1.4537963036907013,2
4.93326436319078,4.457655415121126,1
0.8423653776798272,1.3794846102466338,0
4.1554929831693075,4.533309987445475,1
5.229161271338932,5.2580249883146415,1
0.33590697555078475,1.0984306179345618,0
9.4874712132197,1.6687136459993575,2
1.4147027905917446,-0.10556765450394257,0
8.606482381395189,0.8535446883788306,2
8.980886822343047,0.34671242864876284,2
0.8725113912895723,1.7519964942913444,0
8.873664060486561,3.2351752974914025,2
4.587109792893366,6.351461483206585,1
4.979189067567932,5.140528839521912,1
3.409418114964193,5.654904111153477,1
1.1661570059897959,0.6257567317217232,0
1.086590462925591,1.1926586898644185,0
4.844574712507578,4.882190090549013,1
1.1137299673020646,1.6535713771412142,0
10.128554439778798,1.6277875211058723,2
9.517167336621252,1.4307572388091374,2
1.814307772785646,0.3099492708925543,0
5.598806065915792,3.2622467730837865,1
5.373085977330318,4.057865168065726,1
5.985209096081821,5.605890253605581,1
0.7682911535937689,0.7671351232148715,0
8.480270590011367,0.07598424214550603,2
4.732698487159537,5.87203068627062,1
9.929735899294341,1.389361006580462,2
1.7013971554680496,0.29907446860385956,0
8.605026680939828,1.1291859122379257,2
4.066022495885658,5.3636059708073835,1
5.736601395483976,4.274215388785277,1
9.682638340847701,1.3507659189578916,2
0.5803912383886807,0.8453938120743927,0
7.932040579800933,1.8838088723990274,2
5.011060359839236,5.208549023217002,1
0.8650625323533143,0.5106181421088463,0
8.615892564581326,1.0649914307987802,2
8.882299326990648,0.6695365956120108,2
8.267162312122643,1.3756569267691003,2
8.841461130805119,0.3283925342935642,2
8.578451557746753,1.3281419792525166,2
5.424651161273285,4.66251993446344,1
4.885590559541992,5.130459723907833,1
9.911218902579158,2.0930578377087965,2
4.706336334489067,5.626496526241443,1
0.3398833964896789,1.9157293829271769,0
8.694529876631401,0.9232731372519184,2
8.725769295669325,0.35431287085104823,2
9.22615549118122,0.8233525485115987,2
7.900386693552051,0.21126277176313635,2
9.852010964577847,2.064921236345716,2
8.668312457050359,0.9898834103852047,2
8.365987389396167,0.5423635629458261,2
1.0301151049705133,2.231621056242643,0
5.016908694421477,4.994528602013478,1
1.1070468720651019,0.377130610644006,0
1.0349010424950094,0.8073432015691199,0
5.35586075478103,4.8142721364116055,1
9.014555595372785,0.4903979411396059,2
5.228118710603578,5.3663514471702936,1
9.245441069491491,1.3424309911033645,2
0.7640340671052832,1.544475298483683,0
9.840289735561099,0.540174004720023,2
5.654786072356561,5.365482872544306,1
4.131191659750254,3.680716426027951,1
8.345192908568784,1.7601874813225225,2
5.928503120798037,6.077526603857313,1
5.047181114189654,3.8010795892807354,1
8.986406275878586,0.7877741520160072,2
1.120981135783017,0.043359877671101055,0
2.28667990162493,1.0296092170072442,0
10.409371073268636,1.095574731757916,2
9.382398973602589,1.0044955888676566,2
1.3238442690503462,1.7615149282040128,0
0.5855024945389639,0.7199094799015152,0
0.5766031409657975,0.24257638765706768,0
1.1785077429825237,0.6535452023696728,0
1.0065009459389536,1.7267670385786584,0
5.5509899636013875,4.057699637826094,1
0.4043482513986757,1.3282768043169149,0
0.4661897853087028,0.9288102574893533,0
4.410507563877014,4.865220110001785,1
0.35501955012947306,0.35246061396819195,0
2.539440404227619,1.5597874557172884,0
8.549515117377776,1.7209725723068128,2
5.747651115498577,3.7559658605551105,1
5.3137012928213,4.655779997636853,1
8.504115263162676,-0.05960007482897889,2
9.047498857369183,1.5969415725855536,2
4.855258365286202,5.211233237908578,1
5.102519262876765,4.8896099981883925,1
9.913038170014707,-0.1637443916249719,2
5.0339899549382645,5.317815652614039,1
5.38323813321751,4.31419705236171,1
9.770671744499,2.3708432179544157,2
4.500586656137463,5.282849333831843,1
1.5031464046072203,0.7115540652384256,0
1.117807279054283,1.3854325969434833,0
8.827756258309035,0.40972738327866587,2
1.1465362366493406,0.642824290986816,0
0.5957531985534061,0.7491214782077318,0
9.305856718822445,1.8334523923504389,2
0.2403150170229933,0.7578829635668743,0
3.9842259114827687,4.94099622392315,1
5.062520662371126,4.962444123260287,1
8.795732111759119,-0.09423356608765987,2
5.391393727048052,4.05416470580945,1
8.825916211671517,2.1251419032139944,2
8.485785896241365,0.43282329408993336,2
-0.061947862154903444,0.7371224891596195,0
8.23632349884936,0.7124299984317907,2
5.140271547074448,4.066462612277824,1
10.208874695863383,0.7202546700697784,2
6.010356614874722,4.724669442278636,1
1.1252464251729384,1.173224104748488,0
4.436398763708747,4.913547466567031,1
1.2934285469001352,2.095227812904989,0
8.961574199568599,1.1998878524003598,2
4.387260309721572,5.425013868379612,1
4.639179413629272,5.191869160485522,1
2.222875989808413,1.0646105909876138,0
5.561407035888477,5.762933056996495,1
0.6686881205270767,1.2852993342965797,0
1.406758608684835,0.3845678417830224,0
4.406223118057797,5.564462712792929,1
1.1299413971242118,1.3909114358886552,0
7.107737394900534,1.4745127236716353,2
1.4630887737658207,1.9547083202350652,0
7.687379271247979,1.080518255403192,2
4.55868203444614,5.741655905126263,1
0.3695580228324774,1.458930973527388,0
1.0379022790968633,0.6614191442439441,0
8.200817620106546,0.8644383785041974,2
1.2483570765056164,0.9308678494144077,0
7.946695738178299,1.5320391745827218,2
5.409134893775787,6.10802439544162,1
8.5717616363663,0.9740742420661116,2
5.36811078363825,4.386324460880957,1
9.022402904346036,0.4726074907576716,2
1.1708779878885798,1.9380854196079431,0
10.51965990224847,0.8768799312973644,2
5.6895639957714055,4.578094144924467,1
0.5126591648863392,1.393542301871226,0
1.3163909330531425,2.135346428902198,0
0.2923146289747929,0.7896773386173205,0
0.8652965827777211,1.358771127897981,0
0.5801390789096119,0.7003036772779889,0
9.392643613558867,0.7931637773795878,2
4.851693570487642,4.590809451201321,1
4.957700733164545,5.291900986295721,1
8.625270269832255,0.9366267023870875,2
8.871972491226613,1.9624134934037292,2
8.863564203753123,1.7936390678069452,2
0.9895492030179259,1.058663691654391,0
8.657805404749608,0.21626779669769225,2
0.8039459234339212,0.2682425259339407,0
5.549796604821489,5.207893085538796,1
9.902826927857921,1.4712269458889708,2
8.74453308931998,0.41255323286269563,2
8.841464775668932,1.2571558547713246,2
8.774124112810505,0.8244168884814669,2
0.4935844398327881,1.157123666297637,0
8.288924726715122,1.04317589489358,2
5.956703037934983,4.491823191009003,1
8.547825074612826,0.44056559534482254,2
0.4468325129969859,0.4018966879596646,0
1.0026218498590915,1.023490296882371,0
4.626115684145141,4.666713728503847,1
1.1634636868820813,0.8904497355955678,0
9.376807255334743,1.7507551361168616,2
4.947030770989247,6.547825602592591,1
9.057707827054152,-0.02028604962545133,2
9.123509088694057,0.7430805126416744,2
1.2405046158683566,1.1119420121395658,0
1.3226879747925737,1.6843157787661744,0
8.930988307401016,1.0131947360613933,2
0.6991466938853015,1.926139092254469,0
9.536256194869283,1.8588532567190152,2
9.126715091092596,0.09221763643090752,2
5.112060058686247,4.546770240588007,1
0.6489734530613238,0.8361689267011159,0
5.295990740528533,5.110901674216924,1
6.536050722961277,4.94236406016521,1
1.0488380492744158,0.6134951080722668,0
1.3558074390444448,0.4376789540810654,0
5.395126563603698,6.20612272325981,1
4.689626929939776,5.845608464111348,1
8.903080811211359,0.142991234597444,2
8.180920881758448,-0.2613863063060138,2
5.205635207826623,5.27405193149227,1
2.094901466608836,0.5958508573224243,0
8.236720645790008,1.987652665822389,2
1.3271828281770288,0.9722076645447725,0
0.5051975898707095,0.9371065399501759,0
9.08624336474914,1.3860397632283272,2
8.686874673038874,1.896711453214579,2
5.424865206013155,5.574021390076751,1
4.975905229613394,4.141534938729171,1
1.2882784815278832,1.155625077271768,0
5.59059343908595,4.871606693464694,1
-0.3098725520448722,1.410951252187612,0
4.287440948582292,5.185892426136217,1
9.698817628703573,0.6978657810973661,2
5.463019226389007,3.290874427621955,1
4.685287840232136,5.293624736736751,1
0.990743432003805,0.8556706805399308,0
4.979006905701823,6.062480381381306,1
8.843573812339704,0.7554782427172617,2
0.8755179257604633,1.4857854754771778,0
0.9209960507105053,0.7865594650262899,0
0.8773059419985647,0.6231319178212552,0
5.049097615128539,4.9406662080853145,1
0.3111653160214545,0.5310874800424386,0
8.906187983328957,1.010281736310438,2
1.4875598667088756,0.9264713092489307,0
9.01695361967093,1.9885543887908004,2
8.62996832277517,1.4104548131285652,2
4.595905625453679,5.167396497334281,1
8.420686845545896,1.0603007181324624,2
10.044881998271665,0.8102134792702018,2
9.061884820404293,2.0342710567386835,2
0.4813769228367718,0.9048306609581959,0
9.515790727964703,0.8030707100172506,2
0.5872514016037442,0.8393070791735033,0
0.49394781236991625,0.17257166406711533,0
4.547621246679994,4.831594953879936,1
0.7038030378805654,0.5680046151600919,0
4.686366187688576,5.6294055355021335,1
0.6083733538318814,0.8389692418971622,0
4.676144191814383,4.533017164758612,1
0.7561968879637533,0.7837209060901895,0
9.405743221249503,1.2280574216075164,2
9.639509238363274,0.4377747345237587,2
1.2596732571205862,1.7663694565012888,0
9.15727930802632,1.652813582311163,2
4.632326785709369,4.767379064038409,1
8.596442719491296,-0.8137296045014368,2
7.6144901327369485,1.5235371792822736,2
0.8771284679570278,0.8636382151261648,0
1.7896064077536957,1.3837173645764544,0
4.049658305908566,5.456248793686578,1
8.84512246348996,0.8062306900777556,2
0.7696806145201063,1.5285611131094579,0
4.249076345485734,5.866258762443955,1
5.117912701820882,5.4254022545531075,1
1.5790554367500338,1.3958313469814678,0
1.436160318360339,1.0916710028691758,0
5.640004813753492,5.701577354267403,1
1.0458803882677512,0.0062155426995536,0
1.6006069610819724,0.7959623134892243,0
1.1972260711891485,0.7895077595898685,0
5.244951653428683,3.978449837457296,1
9.03990918742796,1.1880145952042798,2
1.417846056032571,0.43514657267119095,0
4.972648390186701,5.146003669593615,1
5.6297316291916015,4.6788588730636596,1
5.90203898106029,5.526417374345403,1
1.3431300951872567,0.19364206440517417,0
0.7053176215278942,1.4248010485105123,0
5.617493382395386,5.283558489447826,1
1.1920327244696536,0.9836526259529534,0
9.326500987703469,0.9750509623917615,2
4.976266907686007,5.408900418423575,1
1.411030079997245,1.9483964913269736,0
-0.6206336700345363,0.4878061793328551,0
5.0797818044881256,4.579927511036496,1
5.753453675344113,4.463235618668298,1
5.436577726182188,5.03116753148438,1
4.52840632369523,4.201260227865333,1
8.868999014496817,1.690010996975904,2
7.96476190185811,1.1283519438454088,2
0.6135873927312141,0.8815906966299956,0
8.98151597012875,1.1961128111737247,2
1.4355623517158462,0.8369882339160795,0
0.5580712818994336,1.076862552972764,0
1.1352284128899195,0.9748809452754316,0
4.988217320643991,5.331493972650288,1
8.878937758053604,2.1981959360996406,2
9.77495646850088,0.9157331852324813,2
0.620433669223151,1.0751968932381037,0
1.257523843153024,2.9263657453273604,0
0.890164056081244,1.1785562857558731,0
1.0278624561443472,1.5470957592354742,0
1.319296229388687,0.16923996886552006,0
5.5220406384132525,5.297409132783563,1
10.079476966797513,2.404265021711386,2
0.9038195176094388,1.1507736711668062,0
1.0321400095477313,0.46112761103534694,0
-0.3484433214707858,0.9728525667410939,0
1.579297789503702,0.5896588408241448,0
1.312833673882503,0.5714212217918587,0
0.6348166841414317,1.1082292947909875,0
4.568955640658482,5.536954626166665,1
8.739455256750263,1.7621240337929303,2
5.068536589197223,5.090181056877126,1
5.133280262980228,4.712750827001914,1
0.8655556547225847,0.44673704562916483,0
1.6334555745933113,0.6461652671906096,0
6.078611916109713,5.384505716760206,1
4.957039244351562,4.977666658094095,1
5.330031259414731,4.418993327081819,1
9.678620040368715,1.2990360533101795,2
1.1298612508607409,0.5478416874477957,0
9.2020855404959,1.1822252871398544,2
9.085869221196356,2.137274920928692,2
8.249079881982135,1.1674728048778047,2
5.19567981334527,4.249331854168818,1
1.2735486905850188,0.8989036737830529,0
8.570618135521343,0.7882712194583101,2
9.44663577100853,1.35059113246112,2
9.188388858871575,0.7597654071518127,2
1.206465727137812,0.7181377235980126,0
10.059414820269492,1.4415681791883443,2
1.0242608139724134,0.5845249417944811,0
8.427260781604385,0.9976378798123335,2
4.985387244643411,6.285362215167118,1
5.4395840463293474,4.9515700519348504,1
8.905983880970616,1.5675657912118475,2
8.915336295974553,1.2936727107349193,2
8.92688554702377,0.8818247937669925,2
8.385412189270408,0.421183752172098,2
0.5552427851872384,0.5920948575172809,0
8.16425249552066,1.1000601663345948,2
1.725571803897521,1.4796354130426035,0
1.0435235341190856,0.8504963247670663,0
4.617567723616089,5.7134099186645315,1
4.867421495702201,5.016131503396719,1
4.577393785674344,4.154923222181864,1
4.950709292964459,5.670377498952877,1
0.13754108374348362,0.7188562353795136,0
8.617628886223262,1.2742628037817825,2
8.624825588420167,1.5656404587968016,2
6.003543432102622,5.251411405619627,1
1.0386841538238092,0.5693578993358681,0
9.215635377652871,0.7258460028047462,2
1.8435708175362824,1.4408198784747253,0
-0.23582225006364466,0.6015523722647615,0
10.330833480027104,0.9575374303297655,2
1.8827271201405484,1.2024908554804778,0
9.837600051165143,0.889029298881121,2
8.842600812734345,0.5449981934235781,2
5.0801245428693695,4.908518098171673,1
8.015577775429716,0.9418260991599137,2
0.6047627722773441,1.2357341785679978,0
1.1044317975023776,0.020164938060112214,0
7.345947295120713,0.29318850670304375,2
5.075134701588745,4.7423566753248485,1
4.67304854791463,5.239481668611242,1
1.099529847786735,0.6998915614206027,0
0.9836233648920008,0.7282876144331175,0
4.344612341196453,4.810154930183119,1
8.007143986946877,-0.23256616838654298,2
5.12065942802898,5.630392637604567,1
9.67539614316822,2.130907976483762,2
5.589059292194957,4.805101169894827,1
1.2649020889576414,1.7207843103289502,0
4.166256519941842,4.012760751825865,1
8.989283105578902,1.4055040497207618,2
8.36740869748891,1.227051497205122,2
1.0025567283212304,0.8827064333124266,0
0.6435771086614178,1.0532151138459485,0
8.531649082938058,1.7279332811772534,2
1.0484979824963592,1.2975785127184567,0
5.341389847511165,5.977037973877123,1
8.699488442837918,0.5153053140883008,2
4.997838476545659,4.304981186484475,1
8.262422306597552,0.2525379548945649,2
5.134671091135983,5.628258981567293,1
0.8882686073370746,1.357000247046046,0
4.710088122620376,5.94439205797402,1
9.305591862910367,1.6327543887603366,2
0.3477652497475734,1.3348362744150193,0
1.43480296005283,1.6778189294024755,0
4.406845335709449,4.337846409670537,1
9.339312972106132,0.4075503415063886,2
9.555442104386549,-0.22397238126672647,2
4.044203759880999,5.264284842776239,1
4.342234947862879,4.135969470443423,1
8.564145446785883,1.13622521866607,2
10.147975170559976,1.5194892437503245,2
5.114659440811942,5.02786192889369,1
8.301130192568197,1.2112543298736262,2
1.5838910308299037,1.1272104216506065,0
1.2524936394902286,1.4328775970850607,0
9.459130543570833,1.1363153363031424,2
0.6996806550405975,0.8541531251033616,0
4.326366787062621,5.22944584771043,1
8.139315283883308,1.3476894562655652,2
1.7615620386348287,1.2694550218423293,0
9.487868083157515,0.766326357170793,2
5.184681061335236,3.9738989644060245,1
5.063225303687576,4.199584703049077,1
0.7652628070325239,1.2712800217929823,0
0.19677683987121375,1.1017318179336115,0
9.319121440457126,2.5155016414307587,2
1.340976485647482,0.844866621703272,0
6.442049351142965,4.9654287217798485,1
5.713682293354784,4.263435310917805,1
9.14039843806166,1.8040461446001006,2
0.40837074366711246,-0.019616088880050286,0
9.507567050793599,1.3613248009804708,2
8.547640883109338,2.2427176248266583,2
7.303031817808941,1.6188317774527348,2
5.4714800951905,5.255274537070979,1
8.818842756133028,2.1190530193533017,2
0.5402878828830984,1.7749672025087697,0
4.781832672671687,4.9658326257673595,1
10.439344990958226,0.22775414399482186,2
5.644179049915863,4.3840908203533635,1
0.9669601006763417,0.39449190011877167,0
4.333654492720503,6.0513622660541735,1
1.378494308322676,0.5389173379111873,0
6.245156523575159,4.58648730914626,1
5.500353292729343,5.275508047537062,1
1.1718091447842307,0.11847992231863302,0
1.1620419846973975,0.8074588597918417,0
7.739259586093083,0.6201283401861848,2
4.191088746736572,5.445958456413629,1
0.14343273545456126,1.6769361870827064,0
4.419814314122473,4.971373186314812,1
0.867671583381022,2.3600845832948094,0
4.821461897984005,5.825424087986971,1
4.984667557405133,5.7036374115556185,1
8.938145928556265,0.7409922790825106,2
1.168801331037601,0.7940615169387664,0
10.130762982628609,0.7743756715520621,2
2.066516687328133,0.023956100238749056,0
9.602331441851822,0.5918457930017431,2
5.1715192344349425,5.200674073992215,1
4.823030193024783,5.748645243604241,1
4.337980036295676,3.7082656442285105,1
7.893166508577506,1.6265268198532807,2
5.335874268758624,5.648468435332773,1
8.662079534472577,0.33266997421890143,2
5.07337850181937,5.3259788174218325,1
4.845574077545993,3.9988495556734467,1
9.28687305984996,0.8311196417670204,2
9.470801590841912,2.3299173544266507,2
0.762527344419522,0.673335383713144,0
1.9328872555723784,1.2369164604558938,0
8.908120123035387,1.0537963180711378,2
8.976739006548877,0.8543181999092222,2
0.968660451363414,1.4775711602506192,0
4.498791768044145,6.287089476664033,1
8.199391654875537,1.0759917940435662,2
4.728616208450554,3.5456724040226257,1
1.475211919093025,0.7115481721687984,0
4.6655049289953,4.178118212252553,1
3.8982767761380224,5.304794796147526,1
9.667187531763261,1.359159794068105,2
0.5175382697099478,1.3430257299992197,0
8.986903870487872,0.72803708283778,2
9.700407622630085,0.5305658536463487,2
5.537115932016639,5.381103081009182,1
0.7430665413316533,0.4703932390555242,0
0.7131689965598819,0.7265705293798039,0
9.88599548860529,0.3936776062498495,2
5.149630210226453,5.946471967858084,1
1.1399843131599101,0.43725547635081174,0
4.610433472960396,4.265635839942646,1
0.7348711908137796,0.6035635838688279,0
4.996357453076064,5.503094464670985,1
9.97472571004503,0.8249674397807331,2
5.310595412281474,4.56455371210792,1
4.625738623582517,6.148418812320072,1
9.343682466146776,1.5144144502348722,2
9.079289287376435,-0.0067945848221566685,2
8.661857263821592,1.1027551083898846,2
5.72785861998751,5.085030148183943,1
4.264540602198595,4.121375071874108,1
1.1287751953613823,0.9627770421169164,0
1.406262911197099,1.6781200142854114,0
4.2741831542953355,5.3599572379977225,1
5.839613261951602,5.554780209747661,1
9.837642040651955,0.5731519669764324,2
5.106620600559952,4.198793384773939,1
1.8162056519658176,0.28492931101968366,0
7.479131317790175,1.5931951740052952,2
9.665215314381502,2.1974293608073476,2
10.168933153045984,1.2762700708760868,2
8.299768072776098,0.525578520632604,2
8.057011597329213,0.31987017304254395,2
9.083706257889908,0.31885174138291117,2
9.519466760406514,1.2095048062845444,2
9.11792268338873,1.9223182749255718,2
8.907156377532198,0.317829486730551,2
4.578804987315947,4.602259449469431,1
1.2575176336043299,1.2568929754561045,0
5.939314417540604,4.960549843356207,1
8.039669199948051,-0.12949297851371866,2
0.8911593983863899,1.549388425993595,0
-0.012571293328803579,1.0932271573847139,0
0.723175347326409,0.40106105370557577,0
8.981435118525658,0.3826877441405976,2
4.430360666700834,6.579429238902435,1
8.37875547553853,0.6937791897736127,2
5.160230159521555,5.533778477374062,1
0.5888898022167843,1.1218436057459562,0
4.790808719355285,4.790445377408942,1
8.174672146188138,1.8313755719230946,2
0.9456199257715712,1.2008558610494706,0
0.993251387631033,0.4711445355220498,0
5.026286883187466,4.911798799022907,1
8.674282680253963,0.925836151987105,2
5.379444643433312,5.583532669776038,1
8.043184911109206,0.8426642186751215,2
0.5092456744760245,1.2310517371316354,0
4.351366075755043,5.631891711999742,1
8.181058215002798,-1.0105835492971544,2
1.5415256215876385,1.5269010260174514,0
9.379023909743351,1.5314086122118526,2
9.04689350205741,1.3611574523928696,2
5.090251343086146,5.218976601479735,1
5.455357153872059,5.1687148543816255,1
8.571293837751693,1.2530524676442711,2
1.457701058851037,1.1643755548298422,0
9.821187246310648,1.2587495345386657,2
5.160435388443142,5.193018683717608,1
1.9430929506052652,1.0872889064159195,0
2.0719720446626626,1.3169595111590056,0
1.148060138532288,1.1305276360899446,0
7.821593265445335,0.43589095345266793,2
5.8859242098355375,5.828054812488471,1
10.443767443470202,0.252726960022009,2
9.410685661032693,0.6675674403642329,2
0.3007162130904294,1.2814846183452855,0
9.588434018553187,1.3827134977409654,2
5.126610480321571,4.941972132877765,1
1.0498256825438206,0.7482621729419003,0
4.9801238162757215,6.076734718110672,1
4.732289940071132,3.8662755614326816,1
9.136069011104135,0.7527835950325181,2
1.4497999377166253,1.1536497604383047,0
1.9244780474726726,1.5632825147738787,0
1.5154997612479755,1.4656400595580994,0
0.882923312638332,0.8829315215254098,0
1.28853606359027,0.8984773069785037,0
0.6183704217287416,0.09755894966774048,0
9.11189947439818,0.2806274013518294,2
9.39585675194208,-0.23253393140907241,2
8.583037094169555,1.9621066652195722,2
10.443052503645479,1.8458563614151995,2
0.7644808471908386,1.1160249686788182,0
4.7725233554075075,4.877851783938583,1
10.311308443352281,1.756033646000254,2
5.364737905829924,5.1119654738938145,1
0.9938766135765427,0.5513728142570842,0
1.0069646459564732,0.9879374564449983,0
5.551445889792661,4.825835273486809,1
9.388923126202414,1.0627064768786743,2
8.784376001069981,1.5457623725885379,2
1.029104359223,0.42851485108468845,0
5.162947302317224,4.233950854507814,1
9.50566695047944,0.7390167935357631,2
1.5896485920319132,1.0337592407050544,0
9.198301510082299,0.8187665184071459,2
5.387290508684646,6.297952833983276,1
0.862474151424178,-0.15096058236779242,0
0.5071369768322281,1.252023257758922,0
8.67377444869223,-0.11629214708675684,2
5.006211571906029,4.212898260589904,1
5.125029684768531,3.7749590789454257,1
1.2067174516118504,1.9383979062790329,0
9.560286667659378,1.528003930869502,2
5.66490969004251,4.376056443724681,1
5.900455874380587,5.510133045268096,1
0.6131054004482135,0.3776726483442915,0
5.035778221952104,4.6118379333766555,1
8.674767891891126,1.1408117591109874,2
8.70154968265612,1.8039119964377284,2
1.0909331275292475,1.124110293150168,0
4.895024145982755,4.546552904304293,1
9.279781566226848,0.5440501743457198,2
8.433277536054847,1.2968427311248627,2
8.268633564185276,-0.3764496125632011,2
4.253682058765229,4.584256881322456,1
9.3001715502314,1.4851739250842009,2
5.1217538125107795,4.090553531001661,1
9.559959331359435,-0.13141742590561156,2
7.906217900179421,0.6296631258575937,2
4.896423620035508,5.530195962492003,1
4.97184765267249,5.2862244963338725,1
1.1788936801741416,1.2803922631841171,0
9.177617763046202,1.3273852202358032,2
0.7347494261947363,0.7120908796776599,0
9.866798150003545,1.0148901037152431,2
9.72278234303916,1.7886935957793084,2
0.640777889373782,0.8932764241440764,0
8.448551373664232,0.5654066812242189,2
9.527339134773174,1.2668108694179443,2
9.236938690423184,0.7932190129026794,2
1.751178526048014,1.0370473902098876,0
7.493729219069486,0.4965926765303059,2
8.744274914081524,1.129276214105436,2
5.5629702835855985,4.690373163069576,1
4.97032177420854,5.404891695299963,1
9.474548109937489,0.6584620142980082,2
4.853506018825611,5.578452300973014,1
5.020450080955536,4.538016061364815,1
1.5897200603606434,0.7654121739476476,0
1.4288298116010096,0.9200307350182865,0
9.415489705596602,-1.0582720442649962,2
1.056758672625624,1.3310653372605232,0
8.331414194455453,1.2965193459154227,2
7.737802226620839,-0.10889516010384281,2
5.380266128559259,5.248279458470899,1
5.01724689376089,5.767071117564379,1
5.852302548793913,4.657552223750314,1
7.212255205568631,1.6540239378674917,2
1.5815818760774798,1.0051165305097935,0
4.360931802154776,4.816865177387199,1
6.006620488445864,4.667847054975203,1
4.616622951386299,4.206146123955501,1
5.101616494421647,4.151771301857012,1
4.599145727814171,5.595225409721913,1
9.104067220041479,0.7640398202173725,2
1.4127081744940149,1.4067548180003193,0
7.514701570693984,0.5745246090338973,2
0.884532734895661,1.3481031824067091,0
4.955339942539972,5.372403258530407,1
8.812028546465918,0.3761654422092988,2
8.765657267525421,0.7174460757306023,2
1.1383453996650095,1.4135916245180118,0
4.266723314664833,5.4277990581034326,1
1.7755759877612616,1.0578373171464293,0
0.770319550229878,0.5750778152676042,0
9.917216122283726,1.9769786675529692,2
0.7767425239664895,1.4281993971617362,0
9.55598527573528,0.12199740378152546,2
1.6388324478942125,0.7042143055820851,0
9.359174058723259,0.8183173256912579,2
0.9360412042596167,0.5222297796997871,0
6.516159455524173,4.681478736247808,1
5.107936490692087,5.835201371806759,1
5.66331555977479,5.712218183336228,1
9.21518468846637,1.5710160487775076,2
8.350852806066598,1.1668582879143496,2
9.83223936003225,1.4958126930407447,2
6.391597723989016,5.235990703636623,1
4.23174238850223,6.052876509190619,1
8.283069222969557,2.297864796433932,2
9.35973549476124,1.1257072473577185,2
7.22879873407757,0.7997970446839224,2
5.334996147513033,5.045603234847447,1
1.0337641023439619,0.2876259068932716,0
4.666880283984081,6.128694241664354,1
8.929892146464033,0.8574283748761239,2
4.231817360797463,5.523474396968087,1
0.9826441151473784,0.415660981190234,0
1.0601478158559494,1.2572194170293745,0
1.049666152714613,1.3756935616858945,0
9.697233380064072,0.47024343800137747,2
1.165631715701782,1.4877725635611796,0
0.9421758588058797,0.8494481522053556,0
9.60990810822007,0.05781422382727608,2
5.619106723681181,4.108663776177817,1
8.135955789684054,0.585275018592974,2
9.357841819667486,1.9615609816140704,2
6.37933887417155,4.782296863736205,1
0.9904918960486556,0.4987353176810956,0
0.4245032112888486,1.187849009172836,0
9.052803547231115,-0.12137606832801784,2
1.162083176244221,0.9349284728161578,0
4.63429267870443,4.887817218208732,1
5.18158127914342,4.547434489988385,1
5.192814329270163,5.253152452541171,1
4.815333059028199,5.131490196598364,1
4.594164618764438,6.080564259746489,1
0.5459879622393946,0.29384814933235426,0
0.381524644560959,0.33977169345786185,0
5.492289308718418,5.304364418664378,1
5.6181700724191055,5.143273495415908,1
0.2607390048162863,0.6400778958026456,0
1.3450719958555561,0.7993897640570818,0
4.79438744355179,4.777135480402525,1
0.760412881077355,0.9071705116680915,0
9.216183108819274,2.191550461244667,2
1.1448874284482065,2.0377003993227194,0
1.7965933133196985,0.7443921617844074,0
9.20549055251664,0.05039273676361655,2
0.9193571441669954,1.2020254284072691,0
4.739302263540611,4.814496725918817,1
4.78253543515812,4.328198063224313,1
8.985042893956095,0.47695182459652363,2
4.1724084631912834,4.561441976034849,1
8.72827622702114,1.1192913556628414,2
0.9438359751545851,0.8895152002333885,0
9.118058270376709,1.3093584546985864,2
0.8321076503549358,1.8345107626446966,0
9.618176844003012,0.9455139620910386,2
4.961516992044205,5.197257446182088,1
1.9823625664581948,1.0176317759858644,0
8.593633585136693,1.4120048830944267,2
4.5769928865449545,4.9665385534053765,1
0.6615389998470207,1.3058381444204339,0
5.968226761435188,5.272120580908388,1
8.783553646065096,0.4734905160865919,2
5.323253595467822,4.447595844152381,1
1.529212243424794,0.12063025678844286,0
9.186988655708038,1.3561075162609537,2
5.221203985323741,4.763996712603584,1
1.4151679082721227,0.5719580870455664,0
9.786878903990209,1.6632685234860003,2
6.04157828189915,5.118746470077589,1
8.164454217770464,1.643407921527001,2
2.1573292833367543,0.06636740370412597,0
1.1120462409052083,1.0062962003908975,0
0.7278086377374087,1.0554612948549331,0
4.084684897445157,4.584855158071253,1
5.723905379905014,4.509838597407659,1
0.8702043243181976,0.2484285234409469,0
8.561297942787025,1.603675430667931,2
8.861863105784872,0.8941087014425418,2
4.984983824752914,5.490659779520172,1
4.484985331891272,5.420185927645395,1
8.613699297875288,2.7907394999677764,2
0.5908896583832637,2.0461936378427303,0
4.633089318204831,4.156003341891067,1
5.834124529410388,5.334686183811117,1
8.226006732059846,0.8495552787978853,2
0.22466828446693365,1.0342814874030137,0
4.669816907692748,4.597025979237169,1
9.246013745279107,1.7491051668214992,2
0.3998517964721119,0.8327493820795258,0
1.4816880646221608,1.2063904634682492,0
4.896156905429678,5.009347428548881,1
0.7351198981164806,1.256633716556678,0
0.2607068771100792,1.5718770216034645,0
8.689702424165942,0.3806381001811694,2
9.435100322899235,0.7412727647694562,2
2.0765912287557784,0.6163262185559752,0
8.852208832820613,0.30897433099417126,2
8.980739566464555,2.240576117668821,2
5.830563691106311,5.338345472031416,1
3.750842355269767,6.017873820974023,1
1.2609707828084489,1.1484923366165931,0
4.977419178545091,5.661981129209913,1
8.3198402858211,0.03426728464774875,2
5.947743287438428,4.686283983708039,1
